{"intents":[{"name":"Missions","samples":["I would like to know about SpaceX Missions","Tell me about SpaceX Missions","Tell me about Missions","I would like to know about Missions","I need information about SpaceX Missions","I need information about Missions","I need information about {Mission} mission","Tell me about {Mission} mission","I would like to know about {Mission} mission"],"slots":[{"name":"Mission","type":"Mission","samples":[]}]},{"name":"Rockets","samples":["I would like to know about SpaceX rockets","I would like to know about rockets","Tell me about SpaceX rockets","Tell me about rockets","I need information about rockets","I need information about SpaceX rockets","Tell me about {Rocket} rocket","I need information about {Rocket} rocket","I would like to know about {Rocket} rocket"],"slots":[{"name":"Rocket","type":"Rocket","samples":[]}]},{"name":"End","samples":["Bye","Stop","End"],"slots":[]},{"name":"Welcome","samples":["Hi","Hello","Good Morning","Good Afternoon","Good Evening","Help me"],"slots":[]},{"name":"Launches","samples":["I would like to know about launches","Tell me about launches","Tell me about SpaceX launches","I would like to know about SpaceX launches","I need information about launches","I need information about SpaceX launches","Tell me about {Launch} launch","I need information about {Launch} launch","I would like to know about {Launch} launch"],"slots":[{"name":"Launch","type":"Launch","samples":[]}]}],"types":[{"name":"Mission","values":[{"name":{"value":"F4F83DE","synonyms":[]}},{"name":{"value":"Iridium NEXT","synonyms":[]}},{"name":{"value":"SES","synonyms":[]}},{"name":{"value":"Telstar","synonyms":[]}},{"name":{"value":"9D1B7E0","synonyms":[]}},{"name":{"value":"593B499","synonyms":[]}},{"name":{"value":"F3364BF","synonyms":[]}},{"name":{"value":"AsiaSat","synonyms":[]}},{"name":{"value":"6C42550","synonyms":[]}},{"name":{"value":"Thaicom","synonyms":[]}},{"name":{"value":"EE86F74","synonyms":[]}},{"name":{"value":"Commercial Resupply Services","synonyms":[]}}]},{"name":"Rocket","values":[{"name":{"value":"falconheavy","synonyms":[]}},{"name":{"value":"falcon1","synonyms":[]}},{"name":{"value":"falcon9","synonyms":[]}},{"name":{"value":"bfr","synonyms":[]}}]},{"name":"Launch","values":[{"name":{"value":"Upcoming","synonyms":[]}},{"name":{"value":"Next","synonyms":[]}},{"name":{"value":"Latest","synonyms":[]}}]}],"prompts":[{"id":"Confirm.Intent-Missions","promptVersion":"1.0","definitionVersion":"1.0","variations":[{"type":"PlainText","value":"Are you sure, you want details for [lastSelectedMissionName]?"}]},{"id":"Elicit.Intent-Missions.IntentSlot-Mission","promptVersion":"1.0","definitionVersion":"1.0","variations":[{"type":"PlainText","value":"Which mission details you want?"}]},{"id":"Confirm.Intent-Rockets","promptVersion":"1.0","definitionVersion":"1.0","variations":[{"type":"PlainText","value":"Are you sure, you want details for [lastSelectedRocketName] ?"}]},{"id":"Elicit.Intent-Rockets.IntentSlot-Rocket","promptVersion":"1.0","definitionVersion":"1.0","variations":[{"type":"PlainText","value":"Which Rocket details you want ?"}]},{"id":"Confirm.Intent-Launches","promptVersion":"1.0","definitionVersion":"1.0","variations":[{"type":"PlainText","value":"Are you sure, you want details {Launch} launch ?"}]},{"id":"Elicit.Intent-Launches.IntentSlot-Launch","promptVersion":"1.0","definitionVersion":"1.0","variations":[{"type":"PlainText","value":"Which launch details you want  to check ?"}]}],"dialog":{"version":"1.0","intents":[{"name":"Missions","confirmationRequired":true,"prompts":{"confirm":"Confirm.Intent-Missions"},"slots":[{"name":"Mission","type":"Mission","elicitationRequired":true,"confirmationRequired":false,"prompts":{"elicit":"Elicit.Intent-Missions.IntentSlot-Mission"}}]},{"name":"Rockets","confirmationRequired":true,"prompts":{"confirm":"Confirm.Intent-Rockets"},"slots":[{"name":"Rocket","type":"Rocket","elicitationRequired":true,"confirmationRequired":false,"prompts":{"elicit":"Elicit.Intent-Rockets.IntentSlot-Rocket"}}]},{"name":"End","confirmationRequired":false,"prompts":{},"slots":[]},{"name":"Welcome","confirmationRequired":false,"prompts":{},"slots":[]},{"name":"Launches","confirmationRequired":true,"prompts":{"confirm":"Confirm.Intent-Launches"},"slots":[{"name":"Launch","type":"Launch","elicitationRequired":true,"confirmationRequired":false,"prompts":{"elicit":"Elicit.Intent-Launches.IntentSlot-Launch"}}]}]}}